score,url
0.11504101,https://www.nytimes.com/2018/05/04/books/review/nafkote-tamirat-parking-lot-attendant.html
0.09743263,https://www.nytimes.com/2018/03/30/books/review/farewell-to-the-horse-ulrich-raulf.html
0.09565067,https://www.nytimes.com/2018/04/12/books/review/james-b-comey-by-the-book.html
0.08392193,https://www.nytimes.com/2018/02/23/books/review/ismail-kadare-a-girl-in-exile.html
0.063538805,https://www.nytimes.com/2017/10/24/books/review/best-of-richard-matheson-new-horror-fiction.html
0.050432116,https://www.nytimes.com/2017/09/26/books/review/macomber-steel-james-romance.html
0.046664413,https://www.nytimes.com/2017/11/30/opinion/trump-putin-destruction-democracy.html
0.04341386,https://www.nytimes.com/2017/07/14/books/review/mightier-than-the-sword-kj-parker-science-fiction-and-more.html
0.038467467,https://www.nytimes.com/2018/02/20/t-magazine/fashion/no-sesso-gender-neutral-clothing.html
0.027945863,https://www.nytimes.com/interactive/2018/obituaries/overlooked-ida-b-wells.html
0.020472929,https://www.nytimes.com/2017/07/25/opinion/hbo-confederate-slavery-civil-war.html
0.019014439,https://www.nytimes.com/2017/09/01/books/review/crime-louise-penny-glass-houses.html
0.01652571,https://www.nytimes.com/2017/08/15/learning/summer-reading-contest-winner-week-7-on-i-dont-want-to-watch-slavery-fan-fiction.html
0.016411068,https://www.nytimes.com/2017/08/24/books/review/chester-himes-biography-lawrence-jackson.html
0.015402961,https://www.nytimes.com/2017/07/17/books/review/victor-lavalle-changeling.html
0.0146290595,https://www.nytimes.com/2017/07/07/books/review/doorposts-of-your-house-and-on-your-gates-jacob-bacharach.html
0.01320471,https://www.nytimes.com/2017/06/30/magazine/judge-john-hodgman-on-whether-mad-max-is-science-fiction-or-post-apocalypse.html
0.01097115,https://www.nytimes.com/2017/07/13/business/ayn-rand-business-politics-uber-kalanick.html
0.009495814,https://www.nytimes.com/2017/05/08/books/review/startup-doree-shafrir.html
0.008901387,https://www.nytimes.com/2016/08/28/books/review/multiple-choice-alejandro-zambra.html
0.0013298158,https://www.nytimes.com/2018/03/13/books/review/new-noteworthy-alissa-rubin.html
0.0013062191,https://www.nytimes.com/2018/04/03/watching/new-on-netflix-australia-april.html
0.0013061364,https://www.nytimes.com/2018/04/12/arts/design/met-museum-rooftop-huma-bhabha-review.html
0.0013033239,https://www.nytimes.com/2018/03/05/books/vanguard-books-by-women-in-21st-century.html
0.0012609303,https://www.nytimes.com/2017/11/15/opinion/black-identity-extremism-fbi-trump.html
0.0012286211,https://www.nytimes.com/2018/03/01/books/review/7-new-books-we-recommend-this-week.html
0.001144056,https://www.nytimes.com/2018/05/10/briefing/north-korea-gina-haspel-malaysia.html
0.0011360504,https://www.nytimes.com/2017/07/20/arts/television/confederate-hbo-game-of-thrones.html
0.0011267823,https://www.nytimes.com/2018/05/05/opinion/sunday/the-new-black-hotties.html
0.0011243836,https://www.nytimes.com/2018/04/10/books/review/questlove-by-the-book.html
0.00022371758,https://www.nytimes.com/2017/09/14/books/review/sally-quinn-by-the-book.html
0.00022090942,https://www.nytimes.com/interactive/2017/12/28/magazine/the-lives-they-lived-maryam-mirzakhani.html
0.00021959787,https://www.nytimes.com/2017/06/29/books/review/don-winslow-by-the-book.html
0.00021714883,https://www.nytimes.com/2017/09/13/books/jp-donleavy-acclaimed-author-of-the-ginger-man-dies-at-91.html
0.00021544301,https://www.nytimes.com/2017/12/21/arts/12-small-pleasures-from-the-arts-in-2017.html
0.00021392365,https://www.nytimes.com/2017/12/20/magazine/jordan-peeles-x-ray-vision.html
0.00020462995,https://www.nytimes.com/2017/12/07/learning/laptops-in-class-trumps-use-of-twitter-best-2017-books-and-more-our-favorite-student-comments-of-the-week.html
0.0001945107,https://www.nytimes.com/2017/07/10/world/europe/yuri-drozdov-dead-soviet-superspy.html
0.00019061126,https://www.nytimes.com/2018/01/04/learning/shopping-bravery-conspiracy-theories-and-robots-our-favorite-student-comments-this-week.html
0.00018697548,https://www.nytimes.com/2017/05/08/books/james-patterson-and-bill-clinton-team-up-to-write-a-novel.html
score,url
0.21881771,https://www.nytimes.com/2018/02/15/books/review/when-they-call-you-a-terrorist-patrisse-khan-cullors-memoir.html
0.2001785,https://www.nytimes.com/2018/02/10/insider/book-review-sex-issue.html
0.113396704,https://www.nytimes.com/2018/04/20/books/review/letters-to-the-editor.html
0.10266188,https://www.nytimes.com/2018/01/16/books/review/philip-roth-interview.html
0.09371012,https://www.nytimes.com/2018/03/15/books/review/5-new-books-we-recommend-this-week.html
0.08722293,https://www.nytimes.com/2017/12/22/books/review/best-memoirs.html
0.08474195,https://www.nytimes.com/2018/03/01/books/review/7-new-books-we-recommend-this-week.html
0.074461415,https://www.nytimes.com/2017/12/21/books/review/best-self-help.html
0.06627889,https://www.nytimes.com/2017/10/24/books/review/best-of-richard-matheson-new-horror-fiction.html
0.060282875,https://www.nytimes.com/2018/01/19/books/review/letters-to-the-editor.html
0.043576416,https://www.nytimes.com/2017/08/25/books/review/wild-things-bruce-handy.html
0.040484197,https://www.nytimes.com/2017/11/22/books/review/letters-to-the-editor.html
0.039940722,https://www.nytimes.com/2017/09/01/books/review/crime-louise-penny-glass-houses.html
0.033002976,https://www.nytimes.com/2017/07/17/books/review/victor-lavalle-changeling.html
0.023990344,https://www.nytimes.com/2017/08/31/books/review/10-new-books-we-recommend-this-week.html
0.010587938,https://www.nytimes.com/2017/05/04/books/review/10-new-books-we-recommend-this-week.html
0.0044358796,https://www.nytimes.com/2018/04/14/arts/11-of-our-best-weekend-reads.html
0.0041515096,https://www.nytimes.com/2018/04/13/us/politics/the-biggest-stories-in-american-politics-this-week.html
0.0027308136,https://www.nytimes.com/2017/03/20/books/robert-silvers-dead-founding-editor-new-york-review-of-books-nyrb.html
0.00249342,https://www.nytimes.com/2016/07/10/opinion/campaign-stops/how-trump-can-save-the-gop.html
2.8899546e-08,https://www.nytimes.com/2013/12/22/pageoneplus/corrections-december-22-2013.html
2.1854863e-08,https://artsbeat.blogs.nytimes.com/2012/05/31/a-youtube-affair-with-fred-astaire/
2.0743535e-08,https://learning.blogs.nytimes.com/2013/06/25/word-of-the-day-manumit/
1.8890729e-08,https://www.nytimes.com/2011/12/15/books/republic-lost-campaign-finance-reform-book-review.html
1.626335e-08,https://www.nytimes.com/2011/11/20/books/review/eva-braun-life-with-hitler-by-heike-b-gortemakertranslated-by-damion-searls-book-review.html
1.5372128e-08,https://www.nytimes.com/2012/01/15/books/review/the-last-holiday-a-memoir-by-gil-scott-heron-book-review.html
1.518922e-08,https://www.nytimes.com/2013/12/08/books/review/100-notable-books-of-2013.html
1.5078772e-08,https://www.nytimes.com/2013/10/13/books/review/what-do-you-look-for-in-modern-translation.html
1.4259446e-08,https://www.nytimes.com/2013/09/10/books/traveling-sprinkler-is-nicholson-bakers-new-novel.html
1.3749241e-08,https://www.nytimes.com/2011/11/27/books/review/thinking-fast-and-slow-by-daniel-kahneman-book-review.html
score,url
0.1184736,https://www.nytimes.com/2018/05/08/magazine/the-quiet-americans-behind-the-us-russia-imbroglio.html
0.09451359,https://www.nytimes.com/2018/04/17/opinion/taxes-1040-emotional.html
0.08369976,https://www.nytimes.com/2018/04/21/books/review-jake-tapper-hellfire-club.html
0.06685447,https://www.nytimes.com/2018/03/30/books/review/farewell-to-the-horse-ulrich-raulf.html
0.061889287,https://www.nytimes.com/2018/04/26/books/review/kevin-young-brown.html
0.05763441,https://www.nytimes.com/2018/04/18/books/review/womans-hour-elaine-weiss.html
0.05651785,https://www.nytimes.com/2018/03/24/opinion/gun-reform-battle-plan.html
0.05320758,https://www.nytimes.com/2018/05/09/science/ancient-dna-bones-hepatitis.html
0.051756345,https://www.nytimes.com/2018/04/19/arts/television/denzel-washington-michael-b-jordan-black-panther-iceman-cometh.html
0.041752685,https://www.nytimes.com/2018/01/18/opinion/government-shutdown-republicans-congress-trump.html
0.010200387,https://www.nytimes.com/2017/03/31/well/family/the-face-of-miscarriage.html
0.010195972,https://www.nytimes.com/2017/09/05/opinion/vietnam-war-writers.html
0.009253408,https://www.nytimes.com/2018/01/31/science/killer-whale-hello-mimicry.html
0.008101557,https://www.nytimes.com/2018/04/16/theater/mockingbird-harper-lee-scott-rudin-lawsuit.html
0.007942975,https://www.nytimes.com/2018/04/30/theater/mockingbird-broadway-trial-date.html
0.007436164,https://www.nytimes.com/2017/05/12/opinion/can-we-get-back-to-sally-yates-for-a-minute.html
0.00631494,https://www.nytimes.com/2017/02/10/books/review/shadowbahn-steve-erickson.html
0.0056939637,https://www.nytimes.com/2018/02/27/books/harper-lee-will.html
0.005160082,https://www.nytimes.com/2017/03/30/business/edward-lampert-sears-kmart.html
0.0050750985,https://www.nytimes.com/2018/04/27/books/review/james-comey-higher-loyalty-best-seller.html
0.00034772747,https://www.nytimes.com/2017/08/25/books/review/vanity-fair-schools-for-scandal.html
0.00034677854,https://www.nytimes.com/2017/08/19/style/princess-diana-death.html
0.00034417358,https://www.nytimes.com/2017/12/29/obituaries/sue-grafton-dies-best-selling-mystery-author.html
0.00033779768,https://afterdeadline.blogs.nytimes.com/2016/03/01/a-lineup-of-missteps-7/
0.00033718842,https://krugman.blogs.nytimes.com/2017/10/29/tax-cut-fraudulence-the-usual-suspects/
0.00033679922,https://www.nytimes.com/2017/12/26/technology/big-tech-health-care.html
0.0003352204,https://www.nytimes.com/2017/11/19/movies/justice-league-wonder-box-office.html
0.0003287555,https://www.nytimes.com/2018/01/07/movies/golden-globes.html
0.00032799903,https://www.nytimes.com/2017/09/29/books/review/paperback-row.html
0.00032291972,https://www.nytimes.com/2017/12/21/books/review/francis-ford-coppola-by-the-book.html
0.00016712485,https://www.nytimes.com/2017/07/20/theater/whats-new-in-nyc-theater.html
0.00016284986,https://www.nytimes.com/2015/12/08/theater/review-david-bowie-songs-and-a-familiar-alien-in-lazarus.html
0.00016187722,https://www.nytimes.com/2017/08/11/books/review/letters-to-the-editor.html
0.00016077951,https://www.nytimes.com/2017/05/26/books/denis-johnson-dead-author-of-jesus-son.html
0.00016034201,https://www.nytimes.com/2017/12/20/magazine/jordan-peeles-x-ray-vision.html
0.00015886179,https://www.nytimes.com/2017/08/08/books/review/match-book-biographies-correspondence-artists-philosophers.html
0.0001579797,https://www.nytimes.com/2017/05/04/books/review/10-new-books-we-recommend-this-week.html
0.00015737639,https://www.nytimes.com/2015/12/20/opinion/campaign-stops/political-party-meltdown.html
0.0001572476,https://www.nytimes.com/2017/08/06/dining/what-to-cook-this-week.html
0.00015505696,https://www.nytimes.com/2017/12/14/us/ana-franklin-alabama-sheriff.html
