score,url
0.05094389,https://www.nytimes.com/2018/03/01/business/trump-management-style-year-2-see-year-1.html
0.027631307,https://www.nytimes.com/2017/06/27/business/dealbook/joshua-newman-a-fitness-entrepreneur-sentenced-to-41-months-in-prison.html
0.010327225,https://www.nytimes.com/2017/07/14/business/mutfund/summer-beach-reading-the-personal-finance-edition.html
0.010254298,https://www.nytimes.com/2017/07/13/business/ayn-rand-business-politics-uber-kalanick.html
0.007596751,https://www.nytimes.com/2016/12/23/business/katherine-power-of-clique-media-think-like-an-entrepreneur.html
0.0069663054,https://www.nytimes.com/2017/08/24/opinion/sunday/networking-connections-business.html
0.0022358473,https://www.nytimes.com/2018/03/16/us/illinois-governor-election.html
0.0021088615,https://www.nytimes.com/2017/04/23/books/review/sheryl-sandberg-option-b.html
0.00200753,https://www.nytimes.com/reuters/2018/05/08/business/08reuters-virgin-money-m-a-cybg.html
0.0018709414,https://www.nytimes.com/reuters/2018/04/29/business/29reuters-milken-conference.html
1.128635e-06,https://www.nytimes.com/2013/12/08/business/madoff-victims-five-years-the-wiser.html
1.0898513e-06,https://news.blogs.nytimes.com/2015/05/22/morning-agenda-vote-allowed-on-export-import-bank-extension/
1.0827749e-06,https://www.nytimes.com/2015/08/02/realestate/the-millennial-commune.html
1.0741899e-06,https://www.nytimes.com/interactive/2015/10/15/us/sports-betting-daily-fantasy-games-fanduel-draftkings.html
9.87411e-07,https://www.nytimes.com/2014/12/10/nyregion/buyer-of-james-watsons-nobel-medal-will-return-it.html
9.651621e-07,https://news.blogs.nytimes.com/2015/06/22/morning-agenda-e-c-b-s-awkward-spot-in-greek-crisis/
9.645782e-07,https://www.nytimes.com/2015/06/04/world/europe/pentagon-seeks-easing-of-ban-on-russian-rockets-for-us-space-missions.html
9.630363e-07,https://www.nytimes.com/2015/04/16/opinion/in-exile-but-ready-to-save-russia.html
9.61276e-07,https://boss.blogs.nytimes.com/2013/05/29/can-one-owner-build-two-start-ups-at-once/
9.548459e-07,https://dealbook.nytimes.com/2015/01/20/shake-shack-sets-price-range-for-i-p-o/
score,url
0.1346636,https://www.nytimes.com/2018/05/03/opinion/trump-industrial-revolutions.html
0.12834208,https://www.nytimes.com/2018/04/26/opinion/trump-republican-establishment-elites.html
0.12384929,https://www.nytimes.com/2018/04/19/opinion/democrats-gentrification-cities-voters.html
0.12215719,https://www.nytimes.com/2018/02/01/business/economy/trump-tax-cuts-economy.html
0.10546219,https://www.nytimes.com/2018/03/29/opinion/2016-exit-polls-election.html
0.07679795,https://www.nytimes.com/2018/02/08/opinion/trump-democracy-midterm-elections.html
0.062215164,https://www.nytimes.com/2018/01/11/opinion/trump-robots-electoral-college.html
0.060233764,https://www.nytimes.com/2017/12/07/opinion/liberals-conservatives-trump.html
0.056853082,https://www.nytimes.com/2018/03/08/business/tariff-trump-trade-wars.html
0.053545464,https://www.nytimes.com/2018/03/15/business/larry-kudlows-not-so-on-the-money-predictions.html
0.052953474,https://www.nytimes.com/2018/05/04/opinion/adam-schiff-democrats-impeachment.html
0.049114935,https://www.nytimes.com/2018/02/15/business/inflation-stocks-interest-rates.html
0.047519643,https://www.nytimes.com/reuters/2018/05/03/world/middleeast/03reuters-iran-nuclear-europe.html
0.042053703,https://www.nytimes.com/2017/11/16/opinion/trump-white-voting.html
0.04041825,https://www.nytimes.com/2018/01/18/business/goldman-sachs-trump.html
0.03866528,https://www.nytimes.com/2017/11/02/opinion/ed-gillespie-trump-virginia.html
0.03823654,https://www.nytimes.com/2018/01/18/world/europe/russia-oil-economy.html
0.03613199,https://www.nytimes.com/2018/04/28/opinion/sunday/gaming-the-system.html
0.033931013,https://www.nytimes.com/2018/03/09/opinion/who-were-the-real-nationalists-in-vietnam.html
0.03336961,https://www.nytimes.com/2017/10/12/opinion/democrats-are-playing-checkers-while-trump-is-playing-chess.html
0.0020750368,https://www.nytimes.com/2018/01/02/us/politics/trump-iran-protesters.html
0.0020470363,https://www.nytimes.com/2016/11/11/business/trump-victory-wall-street.html
0.0019685635,https://www.nytimes.com/2016/09/01/opinion/campaign-stops/can-trump-win-on-native-soil.html
0.0019446398,https://www.nytimes.com/2018/03/20/us/politics/bruce-rauner-governor-illinois.html
0.0019366756,https://www.nytimes.com/reuters/2016/10/18/business/18reuters-boeing-seats-exclusive.html
0.0019311468,https://www.nytimes.com/reuters/2016/10/17/business/17reuters-boeing-seats-exclusive.html
0.0019092311,https://www.nytimes.com/2016/11/04/business/a-rare-moment-of-unity-on-capitol-hill-thanks-to-trumps-taxes.html
0.0017350673,https://www.nytimes.com/2016/12/23/opinion/was-barack-obama-bad-for-democrats.html
0.0017139289,https://www.nytimes.com/2016/08/11/opinion/campaign-stops/is-trump-wrecking-both-parties.html
0.0016891022,https://www.nytimes.com/2018/03/16/us/illinois-governor-election.html
0.00041792064,https://www.nytimes.com/2018/03/02/arts/music/elektra-returns-the-weeks-8-best-classical-music-moments-on-youtube.html
0.0004151178,https://www.nytimes.com/2017/05/19/us/seattle-mayor-ed-murray-gay-community.html
0.0004085742,https://www.nytimes.com/2018/01/26/health/flu-rates-deaths.html
0.00038906332,https://www.nytimes.com/2018/03/06/opinion/westmoreland-vietnam-war-troops.html
0.0003776508,https://www.nytimes.com/2017/11/29/world/europe/reza-zarrab-turkey-trial.html
0.00037743218,https://www.nytimes.com/2017/08/10/us/politics/trump-news-conferences.html
0.00037481193,https://www.nytimes.com/interactive/2018/03/06/business/china-tariffs.html
0.00037445483,https://www.nytimes.com/2018/02/06/business/dealbook/stock-market-drops.html
0.0003736594,https://www.nytimes.com/2016/05/20/opinion/the-real-source-of-terror-in-bangladesh.html
0.00037032863,https://www.nytimes.com/2016/03/11/business/the-assets-of-the-ultrarich-come-closer-to-earth.html
score,url
0.13142702,https://www.nytimes.com/2018/05/03/opinion/trump-industrial-revolutions.html
0.123541616,https://www.nytimes.com/2018/02/04/realestate/homes-that-sold-for-around-600000.html
0.120350674,https://www.nytimes.com/2018/04/19/opinion/democrats-gentrification-cities-voters.html
0.10593089,https://www.nytimes.com/2018/01/14/realestate/homes-that-sold-for-around-1-5-million.html
0.08413042,https://topics.nytimes.com/top/reference/timestopics/people/k/alan_b_krueger/index.html
0.08304957,https://www.nytimes.com/2018/05/03/business/amazon-the-elephant-in-the-antitrust-room.html
0.07788857,https://www.nytimes.com/2018/02/15/opinion/democracy-inequality-thomas-piketty.html
0.07410601,https://www.nytimes.com/2018/02/08/opinion/trump-democracy-midterm-elections.html
0.06449998,https://www.nytimes.com/2018/03/29/business/facebook-stock.html
0.062215667,https://www.nytimes.com/2018/03/23/business/elder-orphans-care.html
0.055713005,https://www.nytimes.com/2018/03/08/business/tariff-trump-trade-wars.html
0.054133024,https://www.nytimes.com/2017/10/08/realestate/homes-that-sold-for-around-1-million.html
0.05211444,https://www.nytimes.com/2018/03/15/business/larry-kudlows-not-so-on-the-money-predictions.html
0.05104425,https://www.nytimes.com/2018/02/22/business/college-endowments.html
0.04844283,https://www.nytimes.com/2018/02/15/business/inflation-stocks-interest-rates.html
0.043960065,https://www.nytimes.com/2018/02/01/business/economy/trump-tax-cuts-economy.html
0.041395962,https://www.nytimes.com/2018/01/25/business/amazon-indianapolis.html
0.041063637,https://www.nytimes.com/2018/01/12/business/personal-finance-dont-have-a-clue.html
0.041013703,https://www.nytimes.com/interactive/2017/12/31/business/A-Big-Year-for-the-Stock-Market.html
0.0379657,https://www.nytimes.com/2018/01/11/business/electric-vehicles-taxes-tesla-gm.html
0.0059225005,https://www.nytimes.com/2017/02/09/opinion/integration-works-can-it-survive-the-trump-era.html
0.005679214,https://www.nytimes.com/2017/08/03/automobiles/harley-davidson-indian-motorcycles.html
0.0054387115,https://www.nytimes.com/2017/04/06/business/tesla-story-stocks.html
0.005202004,https://www.nytimes.com/2017/06/07/business/dealbook/stock-market-facebook-amazon-apple-google-netflix.html
0.0051608263,https://www.nytimes.com/2017/03/30/business/edward-lampert-sears-kmart.html
0.005027568,https://www.nytimes.com/2017/01/26/business/elon-musk-donald-trump-wall-street.html
0.0045308997,https://www.nytimes.com/2016/12/15/business/trump-effect-investors-stock-market.html
0.004058287,https://www.nytimes.com/2017/02/23/business/cadillac-oscars-advertising.html
0.003998325,https://www.nytimes.com/2017/03/09/arts/london-sothebys-christies-auctions.html
0.003838302,https://www.nytimes.com/2016/12/08/opinion/trump-voters-are-feeling-it.html
0.00087266846,https://www.nytimes.com/reuters/2018/05/02/business/02reuters-tesla-results.html
0.0008713667,https://www.nytimes.com/reuters/2018/04/30/business/30reuters-sprint-corp-m-a-t-mobile-us.html
0.00086699234,https://www.nytimes.com/2018/01/01/books/review/nicholas-kristof-north-korea.html
0.0008653212,https://www.nytimes.com/reuters/2018/04/29/business/29reuters-sprint-corp-m-a-t-mobile-us.html
0.00085877464,https://www.nytimes.com/reuters/2018/04/30/business/30reuters-sainsbury-s-walmart-m-a-deal.html
0.0008562242,https://www.nytimes.com/reuters/2018/05/02/business/02reuters-metlife-results.html
0.0008556059,https://www.nytimes.com/reuters/2018/05/02/technology/02reuters-fitbit-results.html
0.00085522473,https://www.nytimes.com/2017/09/23/business/yellen-and-cohn-said-to-be-on-shortlist-for-new-head-of-the-fed.html
0.0008540143,https://www.nytimes.com/reuters/2018/05/02/business/02reuters-chesapeake-enrgy-results.html
0.0008536007,https://www.nytimes.com/reuters/2018/04/29/business/29reuters-hongkong-ipo-factbox.html
score,url
0.12809896,https://www.nytimes.com/2018/03/29/business/facebook-stock.html
0.116671376,https://www.nytimes.com/2018/02/15/business/inflation-stocks-interest-rates.html
0.06376159,https://www.nytimes.com/2018/04/03/business/stock-markets.html
0.0620653,https://www.nytimes.com/2018/03/23/us/politics/jeff-sessions-gun-violence-bump-stocks.html
0.058345746,https://www.nytimes.com/2018/03/15/business/with-one-battle-over-a-bigger-one-looms-for-qualcomm-apple.html
0.051318094,https://www.nytimes.com/2018/03/15/business/larry-kudlows-not-so-on-the-money-predictions.html
0.050412934,https://www.nytimes.com/2018/02/22/business/college-endowments.html
0.043716077,https://www.nytimes.com/2018/02/12/business/dealbook/wall-street-markets.html
0.040848587,https://www.nytimes.com/2018/01/12/business/personal-finance-dont-have-a-clue.html
0.03629859,https://www.nytimes.com/2018/01/04/business/market-dow-2018.html
0.033358138,https://www.nytimes.com/2018/04/06/briefing/china-russia-cardi-b.html
0.027823742,https://www.nytimes.com/2017/11/30/business/trump-benefit-tax-cuts.html
0.01883944,https://www.nytimes.com/2017/10/05/business/tax-reform-deficit.html
0.012939013,https://www.nytimes.com/2017/08/10/business/boeing-stock-market.html
0.012242191,https://www.nytimes.com/2017/08/03/business/tax-reform-corporate-rates.html
0.010987208,https://www.nytimes.com/2017/05/17/business/dealbook/movers-puerto-rico-google.html
0.009799807,https://www.nytimes.com/2017/06/29/business/stock-market-value-trump.html
0.009303463,https://www.nytimes.com/2017/06/22/business/burton-malkiel-investment-stock-index-funds.html
0.008340375,https://www.nytimes.com/2017/05/25/business/stock-market-politics-volatility.html
0.0077022566,https://www.nytimes.com/2017/05/17/business/dealbook/stocks-markets.html
0.000554548,https://www.nytimes.com/interactive/2018/02/23/business/how-to-fill-out-1040-form.html
0.0005461824,https://www.nytimes.com/2017/10/30/opinion/fed-chair-yellen-powell.html
0.0005445929,https://www.nytimes.com/2018/03/21/briefing/donald-trump-snowstorm-austin.html
0.00053727935,https://www.nytimes.com/2018/03/20/briefing/facebook-uber-weinstein-company.html
0.0005131607,https://www.nytimes.com/2018/03/19/business/dealbook/facebook-cambridge-analytica.html
0.00051017985,https://www.nytimes.com/2018/02/07/briefing/schumer-north-korea-los-angeles-times.html
0.00050120073,https://www.nytimes.com/2018/03/09/us/politics/trump-north-korea-nuclear-missiles.html
0.0004998156,https://www.nytimes.com/2018/04/20/business/dealbook/wells-fargo-fine.html
0.0004957554,https://www.nytimes.com/2018/03/08/briefing/international-womens-day-sergei-skripal-north-korea-your-friday-briefing.html
0.0004858119,https://www.nytimes.com/2018/02/23/business/dealbook/business-gun-control.html
3.177814e-05,https://www.nytimes.com/2017/02/05/movies/david-shepard-film-preservationist-dies-at-76.html
3.1431613e-05,https://www.nytimes.com/2017/02/03/briefing/israel-louvre-lady-gaga.html
3.1112864e-05,https://www.nytimes.com/reuters/2016/08/19/business/19reuters-usa-stocks-valuation.html
3.105364e-05,https://www.nytimes.com/2017/02/01/briefing/us-neil-gorsuch-senate-standing-rock.html
2.9451518e-05,https://www.nytimes.com/2017/01/24/us/politics/tom-price-nominee-secretary-of-health-and-human-services.html
2.9449713e-05,https://www.nytimes.com/2017/01/25/briefing/us-briefing-keystone-pipeline-border-wall-supreme-court.html
2.9377205e-05,https://www.nytimes.com/2017/01/24/briefing/us-briefing-president-trump-brexit-oscars.html
2.8796585e-05,https://www.nytimes.com/2017/01/22/us/politics/senate-republicans-cabinet-confirmations-president-trump.html
2.8758843e-05,https://www.nytimes.com/2015/03/13/business/still-reading-the-feds-tea-leaves-word-by-word.html
2.7557091e-05,https://www.nytimes.com/2015/05/14/magazine/bernie-madoffs-essential-man.html
2.7498263e-05,https://www.nytimes.com/2015/03/06/business/a-changed-nasdaq-makes-the-long-climb-back-to-5000.html
2.7178232e-05,https://www.nytimes.com/2017/01/13/business/mutfund/the-bond-market-is-shifting-so-steady-yourself.html
2.7173108e-05,https://www.nytimes.com/2017/01/13/briefing/us-briefing-fbi-joe-biden-jackie-evancho.html
2.6614882e-05,https://www.nytimes.com/2017/01/10/briefing/us-briefing-president-obama-jeff-sessions-clemson.html
2.6561975e-05,https://www.nytimes.com/2017/01/09/briefing/asia-australia-briefing.html
2.627497e-05,https://www.nytimes.com/2015/02/27/business/hedge-fund-returns-falter-yet-money-continues-to-flow-in.html
2.5530118e-05,https://www.nytimes.com/2017/01/04/briefing/republican-party-megyn-kelly-titanic.html
2.5198715e-05,https://www.nytimes.com/aponline/2016/09/29/business/ap-us-business-highlights.html
2.5085128e-05,https://www.nytimes.com/reuters/2016/10/14/business/14reuters-europe-stocks-results.html
2.4279663e-05,https://news.blogs.nytimes.com/2016/06/30/morning-agenda-puerto-rico-relief-measure-clears-senate/
