score,url
0.26386344,https://www.nytimes.com/2018/04/12/opinion/trump-queens-childhood-america.html
0.1892519,https://www.nytimes.com/2018/04/13/opinion/trump-losing-strategy.html
0.18270248,https://www.nytimes.com/2018/03/15/opinion/trump-press-freedom-fake-news.html
0.17728569,https://www.nytimes.com/2018/05/09/us/politics/trump-sanctions-iran.html
0.16762128,https://www.nytimes.com/2018/04/12/books/review/james-comey-a-higher-loyalty.html
0.16445205,https://www.nytimes.com/video/opinion/100000005771428/while-putin-meddles-trump-congratulates-him.html
0.1587332,https://www.nytimes.com/2018/05/04/opinion/sunday/trump-mueller-cohen-stormy-daniels.html
0.15854982,https://www.nytimes.com/2018/05/09/opinion/trump-virginia-primary-mosquito.html
0.1554966,https://www.nytimes.com/2018/04/08/arts/television/cardi-b-snl-chadwick-boseman.html
0.14976841,https://www.nytimes.com/2018/03/21/opinion/politics/adam-schiff-putin-trump-russia.html
0.08790129,https://www.nytimes.com/2018/03/09/opinion/trump-california-sanctuary-movement.html
0.08733835,https://www.nytimes.com/2018/04/13/us/politics/trump-calls-comey-untruthful-slimeball-as-book-details-released.html
0.08608798,https://www.nytimes.com/2018/04/09/us/politics/sessions-us-attorney-trump-fbi-clinton-email.html
0.085361764,https://www.nytimes.com/2018/04/15/us/politics/trump-campaign-fec-financial-reports.html
0.08499873,https://www.nytimes.com/2018/03/19/opinion/trump-mccabe-republicans.html
0.083902955,https://www.nytimes.com/2018/04/09/us/politics/trump-fbi-raid-michael-cohen.html
0.083599135,https://www.nytimes.com/2018/03/01/opinion/negative-partisanship-democrats-republicans.html
0.083422154,https://www.nytimes.com/2018/04/30/us/politics/questions-mueller-wants-to-ask-trump-russia.html
0.08172067,https://www.nytimes.com/2018/03/18/us/politics/trump-mueller.html
0.08141864,https://www.nytimes.com/2017/10/26/opinion/republicans-trump.html
0.046123017,https://www.nytimes.com/2018/02/15/us/politics/trump-israel-palestinians-peace.html
0.046046093,https://www.nytimes.com/2018/02/10/us/politics/trump-jeanine-pirro-book.html
0.045648303,https://www.nytimes.com/2017/11/30/opinion/trump-putin-destruction-democracy.html
0.045625933,https://www.nytimes.com/2017/12/31/us/politics/trump-reinventing-presidency.html
0.045484334,https://www.nytimes.com/2018/02/10/us/politics/trump-democrats-memo.html
0.044889156,https://www.nytimes.com/2017/11/15/opinion/trump-asia-thanksgiving.html
0.04487258,https://www.nytimes.com/2018/02/05/us/politics/democratic-memo-adam-schiff-trump.html
0.04442761,https://www.nytimes.com/2018/02/02/us/politics/trump-blames-justice-department-and-fbi-for-conduct-he-says-was-a-disgrace.html
0.044138063,https://www.nytimes.com/2017/12/31/business/media/trump-tv-news.html
0.0437557,https://www.nytimes.com/2018/02/06/us/politics/trump-showdown-good-idea.html
0.043698937,https://www.nytimes.com/2017/12/21/us/politics/trump-suit-constitution-business.html
0.043456517,https://www.nytimes.com/2017/11/03/style/donald-trump-impersonator.html
0.04321425,https://www.nytimes.com/2018/02/13/nyregion/marijuana-lawsuit-trump-sessions.html
0.042668104,https://www.nytimes.com/2017/11/08/opinion/war-north-korea.html
0.04262091,https://www.nytimes.com/2018/01/25/us/politics/trump-emoluments-lawsuit.html
0.042547747,https://www.nytimes.com/2018/01/02/us/politics/trump-clinton-aide-huma-abedin.html
0.04186977,https://www.nytimes.com/2018/01/06/us/politics/trump-genius-mental-health.html
0.041697092,https://www.nytimes.com/2017/08/03/opinion/donald-trump-democrats-better-deal.html
0.041365147,https://www.nytimes.com/2018/01/05/us/politics/christie-trump-new-jersey-governor.html
0.0413519,https://www.nytimes.com/2017/11/16/opinion/trump-white-voting.html
0.041169986,https://www.nytimes.com/2017/12/06/us/donald-trump-jr-intel-committee.html
0.04115334,https://www.nytimes.com/2018/01/30/us/politics/republican-nunes-memo-questions-and-answers.html
0.04114637,https://www.nytimes.com/2017/12/20/business/economy/tax-bill-economy.html
0.04080843,https://www.nytimes.com/2018/02/07/world/africa/trump-libya-policy-russia.html
0.040693145,https://www.nytimes.com/2018/01/29/nyregion/judge-released-immigrant-ragbir.html
0.04067739,https://www.nytimes.com/2018/01/24/us/politics/trump-mueller.html
0.04058068,https://www.nytimes.com/2018/01/05/us/politics/chris-christie-interview-excerpts-.html
0.04056543,https://www.nytimes.com/2018/01/25/business/amazon-indianapolis.html
0.04035347,https://www.nytimes.com/2018/01/25/business/economy/labor-board.html
0.039555643,https://www.nytimes.com/2017/12/05/opinion/is-trump-crazy-like-a-fox-or-plain-old-crazy.html
score,url
0.13210829,https://www.nytimes.com/2018/04/26/opinion/trump-republican-establishment-elites.html
0.11506802,https://www.nytimes.com/2018/04/05/opinion/trump-authoritarianism-republicans-contract.html
0.10827738,https://www.nytimes.com/2018/03/29/opinion/2016-exit-polls-election.html
0.10345133,https://www.nytimes.com/2018/03/22/opinion/conor-lamb-primaries-democrats-left-center.html
0.09952368,https://www.nytimes.com/2018/03/15/opinion/trump-press-freedom-fake-news.html
0.09705336,https://www.nytimes.com/2018/04/12/books/review/james-b-comey-by-the-book.html
0.095838,https://www.nytimes.com/2018/01/27/opinion/sunday/democracy-polarization.html
0.08630293,https://www.nytimes.com/2018/05/03/business/amazon-the-elephant-in-the-antitrust-room.html
0.081962414,https://www.nytimes.com/2018/02/15/opinion/democracy-inequality-thomas-piketty.html
0.07855796,https://www.nytimes.com/2017/12/28/books/review/daniel-ellsberg-the-doomsday-machine.html
0.010163242,https://www.nytimes.com/2017/06/29/business/stock-market-value-trump.html
0.009222325,https://www.nytimes.com/2017/04/06/opinion/trump-bets-the-house.html
0.009008248,https://www.nytimes.com/2017/06/10/insider/i-want-my-government-to-ask-questions.html
0.008687418,https://www.nytimes.com/2017/03/30/opinion/when-the-president-is-ignorant-of-his-own-ignorance.html
0.008645386,https://www.nytimes.com/2017/05/25/business/stock-market-politics-volatility.html
0.008384816,https://www.nytimes.com/2017/03/23/opinion/what-does-it-take-to-climb-up-the-ladder.html
0.00830142,https://www.nytimes.com/2017/05/19/business/washington-post-digital-news.html
0.007758399,https://www.nytimes.com/2017/07/26/opinion/obamacare-repeal-terrible-idea.html
0.0077178474,https://www.nytimes.com/2017/02/03/opinion/can-the-democrats-be-as-stubborn-as-mitch-mcconnell.html
0.007673053,https://www.nytimes.com/interactive/2017/05/19/insider/00copyeditquiz6.html
0.0020489627,https://www.nytimes.com/2018/04/26/opinion/supreme-court-new-civil-war.html
0.0020286602,https://www.nytimes.com/2016/09/01/opinion/campaign-stops/can-trump-win-on-native-soil.html
0.0020204664,https://www.nytimes.com/2017/12/01/us/politics/james-comey-twitter-flynn.html
0.0019794141,https://www.nytimes.com/2018/05/04/opinion/sunday/trump-mueller-cohen-stormy-daniels.html
0.001962818,https://www.nytimes.com/2017/09/26/us/politics/jeff-sessions-campus-free-speech-georgetown.html
0.001958245,https://www.nytimes.com/interactive/2016/11/13/magazine/design-issue-code-for-america.html
0.0019435706,https://www.nytimes.com/2017/12/28/opinion/sessions-says-to-courts-go-ahead-jail-people-because-theyre-poor.html
0.001923128,https://www.nytimes.com/2016/11/09/us/susan-b-anthony-grave.html
0.0018705421,https://www.nytimes.com/2016/08/18/opinion/campaign-stops/can-hillary-manage-her-unruly-coalition.html
0.0018577466,https://www.nytimes.com/2016/10/26/business/economy/why-a-media-merger-that-should-go-through-might-not.html
